<?xml version="1.0"?>
<!--<!DOCTYPE metadata SYSTEM "http://www.esri.com/metadata/esriprof80.dtd">-->
<metadata xml:lang="en"><Esri><CreaDate>20170410</CreaDate><CreaTime>22504000</CreaTime><SyncOnce>FALSE</SyncOnce><DataProperties><lineage><Process ToolSource="C:\Program Files\ArcGIS\ArcToolbox\Toolboxes\Data Management Tools.tbx\DefineProjection" Date="20091002" Time="142701">DefineProjection E:\repro043\limite.shp PROJCS['La_Canoa_UTM_Zone_19N',GEOGCS['GCS_La_Canoa',DATUM['D_La_Canoa',SPHEROID['International_1924',6378388.0,297.0]],PRIMEM['Greenwich',0.0],UNIT['Degree',0.0174532925199433]],PROJECTION['Transverse_Mercator'],PARAMETER['False_Easting',500000.0],PARAMETER['False_Northing',0.0],PARAMETER['Central_Meridian',-69.0],PARAMETER['Scale_Factor',0.9996],PARAMETER['Latitude_Of_Origin',0.0],UNIT['Meter',1.0]] E:\repro043\limite.shp</Process><Process ToolSource="C:\Program Files\ArcGIS\ArcToolbox\Toolboxes\Data Management Tools.tbx\Project" Date="20091002" Time="143135">Project E:\repro043\limite.shp E:\repro043\limite_Project.shp GEOGCS['GCS_La_Canoa',DATUM['D_La_Canoa',SPHEROID['International_1924',6378388.0,297.0]],PRIMEM['Greenwich',0.0],UNIT['Degree',0.0174532925199433]] # PROJCS['La_Canoa_UTM_Zone_19N',GEOGCS['GCS_La_Canoa',DATUM['D_La_Canoa',SPHEROID['International_1924',6378388.0,297.0]],PRIMEM['Greenwich',0.0],UNIT['Degree',0.0174532925199433]],PROJECTION['Transverse_Mercator'],PARAMETER['False_Easting',500000.0],PARAMETER['False_Northing',0.0],PARAMETER['Central_Meridian',-69.0],PARAMETER['Scale_Factor',0.9996],PARAMETER['Latitude_Of_Origin',0.0],UNIT['Meter',1.0]]</Process><Process ToolSource="c:\program files\arcgis\desktop10.1\ArcToolbox\Toolboxes\Data Management Tools.tbx\Merge" Date="20130403" Time="100312">Merge pn043-limite;pn001-limite;pn002-limite;pn004-limite;pn003-limite;pn005-limite;pn006-limite;pn007-limite;pn008-limite;pn010-limite;pn011-marco_de_referencia;pn012-limite;pn013-limite;pn014-limite;pn015-limite;pn016-limite;pn017-limite;pn018-limite;pn019-marco_de_referencia;pn020-limite;pn021-limite;pn022-limite;pn023-limite;pn024-limite;pn025-limite;pn026-limite;pn027-limite;pn028-limite;pn029-limite;pn030-limite;pn031-limite;pn032-limite;pn033-limite;pn034-limite;pn035-limite;pn036-limite;pn037-limite;pn038-limite;pn039-limite;pn040-limite;pn041-marco_de_referencia;pn042-limite "E:\Layers_corridors\SHAPES COMBINADOS\parques_nationales.shp" "NUM "NUM" true true false 16 Double 0 16 ,First,#,pn043-limite,NUM,-1,-1,pn001-limite,NUM,-1,-1,pn002-limite,NUM,-1,-1,pn004-limite,NUM,-1,-1,pn003-limite,NUM,-1,-1,pn005-limite,NUM,-1,-1,pn006-limite,NUM,-1,-1,pn007-limite,NUM,-1,-1,pn008-limite,NUM,-1,-1,pn010-limite,NUM,-1,-1,pn011-marco_de_referencia,NUM,-1,-1,pn012-limite,NUM,-1,-1,pn013-limite,NUM,-1,-1,pn014-limite,NUM,-1,-1,pn015-limite,NUM,-1,-1,pn016-limite,NUM,-1,-1,pn017-limite,NUM,-1,-1,pn018-limite,NUM,-1,-1,pn019-marco_de_referencia,NUM,-1,-1,pn020-limite,NUM,-1,-1,pn021-limite,NUM,-1,-1,pn022-limite,NUM,-1,-1,pn023-limite,NUM,-1,-1,pn024-limite,NUM,-1,-1,pn025-limite,NUM,-1,-1,pn026-limite,NUM,-1,-1,pn027-limite,NUM,-1,-1,pn028-limite,NUM,-1,-1,pn029-limite,NUM,-1,-1,pn030-limite,NUM,-1,-1,pn031-limite,NUM,-1,-1,pn032-limite,NUM,-1,-1,pn033-limite,NUM,-1,-1,pn034-limite,NUM,-1,-1,pn035-limite,NUM,-1,-1,pn036-limite,NUM,-1,-1,pn037-limite,NUM,-1,-1,pn038-limite,NUM,-1,-1,pn039-limite,NUM,-1,-1,pn040-limite,NUM,-1,-1,pn041-marco_de_referencia,NUM,-1,-1,pn042-limite,NUM,-1,-1;ID "ID" true true false 8 Text 0 0 ,First,#,pn043-limite,ID,-1,-1,pn001-limite,ID,-1,-1,pn002-limite,ID,-1,-1,pn004-limite,ID,-1,-1,pn003-limite,ID,-1,-1,pn005-limite,ID,-1,-1,pn006-limite,ID,-1,-1,pn007-limite,ID,-1,-1,pn008-limite,ID,-1,-1,pn010-limite,ID,-1,-1,pn011-marco_de_referencia,ID,-1,-1,pn012-limite,ID,-1,-1,pn013-limite,ID,-1,-1,pn014-limite,ID,-1,-1,pn015-limite,ID,-1,-1,pn016-limite,ID,-1,-1,pn017-limite,ID,-1,-1,pn018-limite,ID,-1,-1,pn019-marco_de_referencia,ID,-1,-1,pn020-limite,ID,-1,-1,pn021-limite,ID,-1,-1,pn022-limite,ID,-1,-1,pn023-limite,ID,-1,-1,pn024-limite,ID,-1,-1,pn025-limite,ID,-1,-1,pn026-limite,ID,-1,-1,pn027-limite,ID,-1,-1,pn028-limite,ID,-1,-1,pn029-limite,ID,-1,-1,pn030-limite,ID,-1,-1,pn031-limite,ID,-1,-1,pn032-limite,ID,-1,-1,pn033-limite,ID,-1,-1,pn034-limite,ID,-1,-1,pn035-limite,ID,-1,-1,pn036-limite,ID,-1,-1,pn037-limite,ID,-1,-1,pn038-limite,ID,-1,-1,pn039-limite,ID,-1,-1,pn040-limite,ID,-1,-1,pn041-marco_de_referencia,ID,-1,-1,pn042-limite,ID,-1,-1;NOMBRE "NOMBRE" true true false 254 Text 0 0 ,First,#,pn043-limite,NOMBRE,-1,-1,pn001-limite,NOMBRE,-1,-1,pn002-limite,NOMBRE,-1,-1,pn004-limite,NOMBRE,-1,-1,pn003-limite,NOMBRE,-1,-1,pn005-limite,NOMBRE,-1,-1,pn006-limite,NOMBRE,-1,-1,pn007-limite,NOMBRE,-1,-1,pn008-limite,NOMBRE,-1,-1,pn010-limite,NOMBRE,-1,-1,pn011-marco_de_referencia,NOMBRE,-1,-1,pn012-limite,NOMBRE,-1,-1,pn013-limite,NOMBRE,-1,-1,pn014-limite,NOMBRE,-1,-1,pn015-limite,NOMBRE,-1,-1,pn016-limite,NOMBRE,-1,-1,pn017-limite,NOMBRE,-1,-1,pn018-limite,NOMBRE,-1,-1,pn019-marco_de_referencia,NOMBRE,-1,-1,pn020-limite,NOMBRE,-1,-1,pn021-limite,NOMBRE,-1,-1,pn022-limite,NOMBRE,-1,-1,pn023-limite,NOMBRE,-1,-1,pn024-limite,NOMBRE,-1,-1,pn025-limite,NOMBRE,-1,-1,pn026-limite,NOMBRE,-1,-1,pn027-limite,NOMBRE,-1,-1,pn028-limite,NOMBRE,-1,-1,pn029-limite,NOMBRE,-1,-1,pn030-limite,NOMBRE,-1,-1,pn031-limite,NOMBRE,-1,-1,pn032-limite,NOMBRE,-1,-1,pn033-limite,NOMBRE,-1,-1,pn034-limite,NOMBRE,-1,-1,pn035-limite,NOMBRE,-1,-1,pn036-limite,NOMBRE,-1,-1,pn037-limite,NOMBRE,-1,-1,pn038-limite,NOMBRE,-1,-1,pn039-limite,NOMBRE,-1,-1,pn040-limite,NOMBRE,-1,-1,pn041-marco_de_referencia,NOMBRE,-1,-1,pn042-limite,NOMBRE,-1,-1;TIPO "TIPO" true true false 254 Text 0 0 ,First,#,pn043-limite,TIPO,-1,-1,pn001-limite,TIPO,-1,-1,pn002-limite,TIPO,-1,-1,pn004-limite,TIPO,-1,-1,pn003-limite,TIPO,-1,-1,pn005-limite,TIPO,-1,-1,pn006-limite,TIPO,-1,-1,pn007-limite,TIPO,-1,-1,pn008-limite,TIPO,-1,-1,pn010-limite,TIPO,-1,-1,pn011-marco_de_referencia,TIPO,-1,-1,pn012-limite,TIPO,-1,-1,pn013-limite,TIPO,-1,-1,pn014-limite,TIPO,-1,-1,pn015-limite,TIPO,-1,-1,pn016-limite,TIPO,-1,-1,pn017-limite,TIPO,-1,-1,pn018-limite,TIPO,-1,-1,pn019-marco_de_referencia,TIPO,-1,-1,pn020-limite,TIPO,-1,-1,pn021-limite,TIPO,-1,-1,pn022-limite,TIPO,-1,-1,pn023-limite,TIPO,-1,-1,pn024-limite,TIPO,-1,-1,pn025-limite,TIPO,-1,-1,pn026-limite,TIPO,-1,-1,pn027-limite,TIPO,-1,-1,pn028-limite,TIPO,-1,-1,pn029-limite,TIPO,-1,-1,pn030-limite,TIPO,-1,-1,pn031-limite,TIPO,-1,-1,pn032-limite,TIPO,-1,-1,pn033-limite,TIPO,-1,-1,pn034-limite,TIPO,-1,-1,pn035-limite,TIPO,-1,-1,pn036-limite,TIPO,-1,-1,pn037-limite,TIPO,-1,-1,pn038-limite,TIPO,-1,-1,pn039-limite,TIPO,-1,-1,pn040-limite,TIPO,-1,-1,pn041-marco_de_referencia,TIPO,-1,-1,pn042-limite,TIPO,-1,-1;COD_TIPO "COD_TIPO" true true false 3 Text 0 0 ,First,#,pn043-limite,COD_TIPO,-1,-1,pn001-limite,COD_TIPO,-1,-1,pn002-limite,COD_TIPO,-1,-1,pn004-limite,COD_TIPO,-1,-1,pn003-limite,COD_TIPO,-1,-1,pn005-limite,COD_TIPO,-1,-1,pn006-limite,COD_TIPO,-1,-1,pn007-limite,COD_TIPO,-1,-1,pn008-limite,COD_TIPO,-1,-1,pn010-limite,COD_TIPO,-1,-1,pn012-limite,COD_TIPO,-1,-1,pn013-limite,COD_TIPO,-1,-1,pn014-limite,COD_TIPO,-1,-1,pn015-limite,COD_TIPO,-1,-1,pn016-limite,COD_TIPO,-1,-1,pn017-limite,COD_TIPO,-1,-1,pn018-limite,COD_TIPO,-1,-1,pn020-limite,COD_TIPO,-1,-1,pn021-limite,COD_TIPO,-1,-1,pn022-limite,COD_TIPO,-1,-1,pn023-limite,COD_TIPO,-1,-1,pn024-limite,COD_TIPO,-1,-1,pn025-limite,COD_TIPO,-1,-1,pn026-limite,COD_TIPO,-1,-1,pn027-limite,COD_TIPO,-1,-1,pn028-limite,COD_TIPO,-1,-1,pn029-limite,COD_TIPO,-1,-1,pn030-limite,COD_TIPO,-1,-1,pn031-limite,COD_TIPO,-1,-1,pn032-limite,COD_TIPO,-1,-1,pn033-limite,COD_TIPO,-1,-1,pn034-limite,COD_TIPO,-1,-1,pn035-limite,COD_TIPO,-1,-1,pn036-limite,COD_TIPO,-1,-1,pn037-limite,COD_TIPO,-1,-1,pn038-limite,COD_TIPO,-1,-1,pn039-limite,COD_TIPO,-1,-1,pn040-limite,COD_TIPO,-1,-1,pn042-limite,COD_TIPO,-1,-1;AñO_CREA "AñO_CREA" true true false 4 Short 0 4 ,First,#,pn043-limite,AñO_CREA,-1,-1,pn001-limite,AñO_CREA,-1,-1,pn002-limite,AñO_CREA,-1,-1,pn004-limite,AñO_CREA,-1,-1,pn003-limite,AñO_CREA,-1,-1,pn005-limite,AñO_CREA,-1,-1,pn006-limite,AñO_CREA,-1,-1,pn007-limite,AñO_CREA,-1,-1,pn008-limite,AñO_CREA,-1,-1,pn010-limite,AñO_CREA,-1,-1,pn012-limite,AñO_CREA,-1,-1,pn013-limite,AñO_CREA,-1,-1,pn014-limite,AñO_CREA,-1,-1,pn015-limite,AñO_CREA,-1,-1,pn016-limite,AñO_CREA,-1,-1,pn017-limite,AñO_CREA,-1,-1,pn018-limite,AñO_CREA,-1,-1,pn020-limite,AñO_CREA,-1,-1,pn021-limite,AñO_CREA,-1,-1,pn022-limite,AñO_CREA,-1,-1,pn023-limite,AñO_CREA,-1,-1,pn024-limite,AñO_CREA,-1,-1,pn025-limite,AñO_CREA,-1,-1,pn026-limite,AñO_CREA,-1,-1,pn027-limite,AñO_CREA,-1,-1,pn028-limite,AñO_CREA,-1,-1,pn029-limite,AñO_CREA,-1,-1,pn030-limite,AñO_CREA,-1,-1,pn031-limite,AñO_CREA,-1,-1,pn032-limite,AñO_CREA,-1,-1,pn033-limite,AñO_CREA,-1,-1,pn034-limite,AñO_CREA,-1,-1,pn035-limite,AñO_CREA,-1,-1,pn036-limite,AñO_CREA,-1,-1,pn037-limite,AñO_CREA,-1,-1,pn038-limite,AñO_CREA,-1,-1,pn039-limite,AñO_CREA,-1,-1,pn040-limite,AñO_CREA,-1,-1,pn042-limite,AñO_CREA,-1,-1;UICN "UICN" true true false 8 Text 0 0 ,First,#,pn043-limite,UICN,-1,-1,pn001-limite,UICN,-1,-1,pn002-limite,UICN,-1,-1,pn004-limite,UICN,-1,-1,pn003-limite,UICN,-1,-1,pn005-limite,UICN,-1,-1,pn006-limite,UICN,-1,-1,pn007-limite,UICN,-1,-1,pn008-limite,UICN,-1,-1,pn010-limite,UICN,-1,-1,pn012-limite,UICN,-1,-1,pn013-limite,UICN,-1,-1,pn014-limite,UICN,-1,-1,pn015-limite,UICN,-1,-1,pn016-limite,UICN,-1,-1,pn017-limite,UICN,-1,-1,pn018-limite,UICN,-1,-1,pn020-limite,UICN,-1,-1,pn021-limite,UICN,-1,-1,pn022-limite,UICN,-1,-1,pn023-limite,UICN,-1,-1,pn024-limite,UICN,-1,-1,pn025-limite,UICN,-1,-1,pn026-limite,UICN,-1,-1,pn027-limite,UICN,-1,-1,pn028-limite,UICN,-1,-1,pn029-limite,UICN,-1,-1,pn030-limite,UICN,-1,-1,pn031-limite,UICN,-1,-1,pn032-limite,UICN,-1,-1,pn033-limite,UICN,-1,-1,pn034-limite,UICN,-1,-1,pn035-limite,UICN,-1,-1,pn036-limite,UICN,-1,-1,pn037-limite,UICN,-1,-1,pn038-limite,UICN,-1,-1,pn039-limite,UICN,-1,-1,pn040-limite,UICN,-1,-1,pn042-limite,UICN,-1,-1;AREA_SIG_H "AREA_SIG_H" true true false 16 Double 2 15 ,First,#,pn043-limite,AREA_SIG_H,-1,-1,pn001-limite,AREA_SIG_H,-1,-1,pn002-limite,AREA_SIG_H,-1,-1,pn004-limite,AREA_SIG_H,-1,-1,pn003-limite,AREA_SIG_H,-1,-1,pn005-limite,AREA_SIG_H,-1,-1,pn006-limite,AREA_SIG_H,-1,-1,pn007-limite,AREA_SIG_H,-1,-1,pn008-limite,AREA_SIG_H,-1,-1,pn010-limite,AREA_SIG_H,-1,-1,pn012-limite,AREA_SIG_H,-1,-1,pn013-limite,AREA_SIG_H,-1,-1,pn014-limite,AREA_SIG_H,-1,-1,pn015-limite,AREA_SIG_H,-1,-1,pn016-limite,AREA_SIG_H,-1,-1,pn017-limite,AREA_SIG_H,-1,-1,pn018-limite,AREA_SIG_H,-1,-1,pn020-limite,AREA_SIG_H,-1,-1,pn021-limite,AREA_SIG_H,-1,-1,pn022-limite,AREA_SIG_H,-1,-1,pn023-limite,AREA_SIG_H,-1,-1,pn024-limite,AREA_SIG_H,-1,-1,pn025-limite,AREA_SIG_H,-1,-1,pn026-limite,AREA_SIG_H,-1,-1,pn027-limite,AREA_SIG_H,-1,-1,pn028-limite,AREA_SIG_H,-1,-1,pn029-limite,AREA_SIG_H,-1,-1,pn030-limite,AREA_SIG_H,-1,-1,pn031-limite,AREA_SIG_H,-1,-1,pn032-limite,AREA_SIG_H,-1,-1,pn033-limite,AREA_SIG_H,-1,-1,pn034-limite,AREA_SIG_H,-1,-1,pn035-limite,AREA_SIG_H,-1,-1,pn036-limite,AREA_SIG_H,-1,-1,pn037-limite,AREA_SIG_H,-1,-1,pn038-limite,AREA_SIG_H,-1,-1,pn039-limite,AREA_SIG_H,-1,-1,pn040-limite,AREA_SIG_H,-1,-1,pn042-limite,AREA_SIG_H,-1,-1;COMENTARIO "COMENTARIO" true true false 254 Text 0 0 ,First,#,pn043-limite,COMENTARIO,-1,-1,pn001-limite,COMENTARIO,-1,-1,pn002-limite,COMENTARIO,-1,-1,pn004-limite,COMENTARIO,-1,-1,pn003-limite,COMENTARIO,-1,-1,pn005-limite,COMENTARIO,-1,-1,pn006-limite,COMENTARIO,-1,-1,pn007-limite,COMENTARIO,-1,-1,pn008-limite,COMENTARIO,-1,-1,pn010-limite,COMENTARIO,-1,-1,pn012-limite,COMENTARIO,-1,-1,pn013-limite,COMENTARIO,-1,-1,pn014-limite,COMENTARIO,-1,-1,pn015-limite,COMENTARIO,-1,-1,pn016-limite,COMENTARIO,-1,-1,pn017-limite,COMENTARIO,-1,-1,pn018-limite,COMENTARIO,-1,-1,pn020-limite,COMENTARIO,-1,-1,pn021-limite,COMENTARIO,-1,-1,pn022-limite,COMENTARIO,-1,-1,pn023-limite,COMENTARIO,-1,-1,pn024-limite,COMENTARIO,-1,-1,pn025-limite,COMENTARIO,-1,-1,pn026-limite,COMENTARIO,-1,-1,pn027-limite,COMENTARIO,-1,-1,pn028-limite,COMENTARIO,-1,-1,pn029-limite,COMENTARIO,-1,-1,pn030-limite,COMENTARIO,-1,-1,pn031-limite,COMENTARIO,-1,-1,pn032-limite,COMENTARIO,-1,-1,pn033-limite,COMENTARIO,-1,-1,pn034-limite,COMENTARIO,-1,-1,pn035-limite,COMENTARIO,-1,-1,pn036-limite,COMENTARIO,-1,-1,pn037-limite,COMENTARIO,-1,-1,pn038-limite,COMENTARIO,-1,-1,pn039-limite,COMENTARIO,-1,-1,pn040-limite,COMENTARIO,-1,-1,pn042-limite,COMENTARIO,-1,-1"</Process></lineage><itemProps><itemName Sync="TRUE">parques_nationales</itemName><imsContentType Sync="TRUE">002</imsContentType><itemSize Sync="TRUE">0.000</itemSize><itemLocation><linkage Sync="TRUE">file://\\ARATINGA\E$\Layers_corridors\SHAPES COMBINADOS\parques_nationales.shp</linkage><protocol Sync="TRUE">Local Area Network</protocol></itemLocation></itemProps><coordRef><type Sync="TRUE">Geographic</type><geogcsn Sync="TRUE">GCS_La_Canoa</geogcsn><csUnits Sync="TRUE">Angular Unit: Degree (0.017453)</csUnits><peXml Sync="TRUE">&lt;GeographicCoordinateSystem xsi:type='typens:GeographicCoordinateSystem' xmlns:xsi='http://www.w3.org/2001/XMLSchema-instance' xmlns:xs='http://www.w3.org/2001/XMLSchema' xmlns:typens='http://www.esri.com/schemas/ArcGIS/10.1'&gt;&lt;WKT&gt;GEOGCS[&amp;quot;GCS_La_Canoa&amp;quot;,DATUM[&amp;quot;D_La_Canoa&amp;quot;,SPHEROID[&amp;quot;International_1924&amp;quot;,6378388.0,297.0]],PRIMEM[&amp;quot;Greenwich&amp;quot;,0.0],UNIT[&amp;quot;Degree&amp;quot;,0.0174532925199433],AUTHORITY[&amp;quot;EPSG&amp;quot;,4247]]&lt;/WKT&gt;&lt;XOrigin&gt;-400&lt;/XOrigin&gt;&lt;YOrigin&gt;-400&lt;/YOrigin&gt;&lt;XYScale&gt;11258999068426.238&lt;/XYScale&gt;&lt;ZOrigin&gt;-100000&lt;/ZOrigin&gt;&lt;ZScale&gt;10000&lt;/ZScale&gt;&lt;MOrigin&gt;-100000&lt;/MOrigin&gt;&lt;MScale&gt;10000&lt;/MScale&gt;&lt;XYTolerance&gt;8.9827993394384784e-009&lt;/XYTolerance&gt;&lt;ZTolerance&gt;0.001&lt;/ZTolerance&gt;&lt;MTolerance&gt;0.001&lt;/MTolerance&gt;&lt;HighPrecision&gt;true&lt;/HighPrecision&gt;&lt;LeftLongitude&gt;-180&lt;/LeftLongitude&gt;&lt;WKID&gt;4247&lt;/WKID&gt;&lt;LatestWKID&gt;4247&lt;/LatestWKID&gt;&lt;/GeographicCoordinateSystem&gt;</peXml></coordRef></DataProperties><SyncDate>20130403</SyncDate><SyncTime>10030400</SyncTime><ModDate>20130403</ModDate><ModTime>10030400</ModTime><ArcGISFormat>1.0</ArcGISFormat></Esri><idinfo><citation><citeinfo><onlink Sync="TRUE"></onlink></citeinfo></citation></idinfo><distInfo><distributor><distorTran><onLineSrc><linkage Sync="TRUE">file://</linkage><protocol Sync="TRUE">Local Area Network</protocol></onLineSrc></distorTran></distributor><distFormat><formatName Sync="TRUE">Shapefile</formatName></distFormat><distTranOps><transSize Sync="TRUE">0.000</transSize></distTranOps></distInfo><dataqual><lineage><procstep><procdesc Sync="TRUE">Dataset copied.</procdesc><srcused Sync="TRUE"></srcused><procdate Sync="TRUE">20091002</procdate><proctime Sync="TRUE">14313100</proctime></procstep></lineage></dataqual><dataIdInfo><envirDesc Sync="TRUE">Microsoft Windows XP Version 5.1 (Build 2600) Service Pack 3; Esri ArcGIS 10.1.0.3035</envirDesc><dataLang><languageCode value="en" Sync="TRUE"></languageCode><countryCode value="US" Sync="TRUE"></countryCode></dataLang><idCitation><resTitle Sync="TRUE">parques_nationales</resTitle><presForm><PresFormCd value="005" Sync="TRUE"></PresFormCd></presForm></idCitation><spatRpType><SpatRepTypCd value="001" Sync="TRUE"></SpatRepTypCd></spatRpType></dataIdInfo><mdLang><languageCode value="en" Sync="TRUE"></languageCode><countryCode value="US" Sync="TRUE"></countryCode></mdLang><mdHrLv><ScopeCd value="005" Sync="TRUE"></ScopeCd></mdHrLv><mdHrLvName Sync="TRUE">dataset</mdHrLvName><refSysInfo><RefSystem><refSysID><identCode code="4247" Sync="TRUE"></identCode><idCodeSpace Sync="TRUE">EPSG</idCodeSpace><idVersion Sync="TRUE">7.9.4</idVersion></refSysID></RefSystem></refSysInfo><spatRepInfo><VectSpatRep><geometObjs Name="parques_nationales"><geoObjTyp><GeoObjTypCd value="002" Sync="TRUE"></GeoObjTypCd></geoObjTyp><geoObjCnt Sync="TRUE">0</geoObjCnt></geometObjs><topLvl><TopoLevCd value="001" Sync="TRUE"></TopoLevCd></topLvl></VectSpatRep></spatRepInfo><spdoinfo><ptvctinf><esriterm Name="parques_nationales"><efeatyp Sync="TRUE">Simple</efeatyp><efeageom code="4" Sync="TRUE"></efeageom><esritopo Sync="TRUE">FALSE</esritopo><efeacnt Sync="TRUE">0</efeacnt><spindex Sync="TRUE">FALSE</spindex><linrefer Sync="TRUE">FALSE</linrefer></esriterm></ptvctinf></spdoinfo><eainfo><detailed Name="parques_nationales"><enttyp><enttypl Sync="TRUE">parques_nationales</enttypl><enttypt Sync="TRUE">Feature Class</enttypt><enttypc Sync="TRUE">0</enttypc></enttyp><attr><attrlabl Sync="TRUE">FID</attrlabl><attalias Sync="TRUE">FID</attalias><attrtype Sync="TRUE">OID</attrtype><attwidth Sync="TRUE">4</attwidth><atprecis Sync="TRUE">0</atprecis><attscale Sync="TRUE">0</attscale><attrdef Sync="TRUE">Internal feature number.</attrdef><attrdefs Sync="TRUE">Esri</attrdefs><attrdomv><udom Sync="TRUE">Sequential unique whole numbers that are automatically generated.</udom></attrdomv></attr><attr><attrlabl Sync="TRUE">Shape</attrlabl><attalias Sync="TRUE">Shape</attalias><attrtype Sync="TRUE">Geometry</attrtype><attwidth Sync="TRUE">0</attwidth><atprecis Sync="TRUE">0</atprecis><attscale Sync="TRUE">0</attscale><attrdef Sync="TRUE">Feature geometry.</attrdef><attrdefs Sync="TRUE">Esri</attrdefs><attrdomv><udom Sync="TRUE">Coordinates defining the features.</udom></attrdomv></attr><attr><attrlabl Sync="TRUE">NUM</attrlabl><attalias Sync="TRUE">NUM</attalias><attrtype Sync="TRUE">Double</attrtype><attwidth Sync="TRUE">16</attwidth><atprecis Sync="TRUE">16</atprecis><attscale Sync="TRUE">0</attscale></attr><attr><attrlabl Sync="TRUE">ID</attrlabl><attalias Sync="TRUE">ID</attalias><attrtype Sync="TRUE">String</attrtype><attwidth Sync="TRUE">8</attwidth><atprecis Sync="TRUE">0</atprecis><attscale Sync="TRUE">0</attscale></attr><attr><attrlabl Sync="TRUE">NOMBRE</attrlabl><attalias Sync="TRUE">NOMBRE</attalias><attrtype Sync="TRUE">String</attrtype><attwidth Sync="TRUE">254</attwidth><atprecis Sync="TRUE">0</atprecis><attscale Sync="TRUE">0</attscale></attr><attr><attrlabl Sync="TRUE">TIPO</attrlabl><attalias Sync="TRUE">TIPO</attalias><attrtype Sync="TRUE">String</attrtype><attwidth Sync="TRUE">254</attwidth><atprecis Sync="TRUE">0</atprecis><attscale Sync="TRUE">0</attscale></attr><attr><attrlabl Sync="TRUE">COD_TIPO</attrlabl><attalias Sync="TRUE">COD_TIPO</attalias><attrtype Sync="TRUE">String</attrtype><attwidth Sync="TRUE">3</attwidth><atprecis Sync="TRUE">0</atprecis><attscale Sync="TRUE">0</attscale></attr><attr><attrlabl Sync="TRUE">AñO_CREA</attrlabl><attalias Sync="TRUE">AñO_CREA</attalias><attrtype Sync="TRUE">SmallInteger</attrtype><attwidth Sync="TRUE">4</attwidth><atprecis Sync="TRUE">4</atprecis><attscale Sync="TRUE">0</attscale></attr><attr><attrlabl Sync="TRUE">UICN</attrlabl><attalias Sync="TRUE">UICN</attalias><attrtype Sync="TRUE">String</attrtype><attwidth Sync="TRUE">8</attwidth><atprecis Sync="TRUE">0</atprecis><attscale Sync="TRUE">0</attscale></attr><attr><attrlabl Sync="TRUE">AREA_SIG_H</attrlabl><attalias Sync="TRUE">AREA_SIG_H</attalias><attrtype Sync="TRUE">Double</attrtype><attwidth Sync="TRUE">16</attwidth><atprecis Sync="TRUE">15</atprecis><attscale Sync="TRUE">2</attscale></attr><attr><attrlabl Sync="TRUE">COMENTARIO</attrlabl><attalias Sync="TRUE">COMENTARIO</attalias><attrtype Sync="TRUE">String</attrtype><attwidth Sync="TRUE">254</attwidth><atprecis Sync="TRUE">0</atprecis><attscale Sync="TRUE">0</attscale></attr></detailed></eainfo><mdDateSt Sync="TRUE">20130403</mdDateSt></metadata>
