<?xml version="1.0" encoding="UTF-8"?>
<metadata xml:lang="pl"><Esri><CreaDate>20200608</CreaDate><CreaTime>11504600</CreaTime><ArcGISFormat>1.0</ArcGISFormat><SyncOnce>TRUE</SyncOnce><DataProperties><lineage><Process ToolSource="c:\program files (x86)\arcgis\desktop10.2\ArcToolbox\Toolboxes\Data Management Tools.tbx\CalculateField" Date="20150324" Time="060929">CalculateField grid2km2_1 cuadrado "[OID_] +1" VB #</Process><Process ToolSource="c:\program files (x86)\arcgis\desktop10.2\ArcToolbox\Toolboxes\Data Management Tools.tbx\CalculateField" Date="20150324" Time="063748">CalculateField grid2km2_1 cuadrado "[OID_] +2" VB #</Process><Process ToolSource="c:\program files (x86)\arcgis\desktop10.2\ArcToolbox\Toolboxes\Data Management Tools.tbx\CalculateField" Date="20150324" Time="064519">CalculateField grid2km2_1 cuadrado "[OID_] +3" VB #</Process><Process ToolSource="c:\program files (x86)\arcgis\desktop10.2\ArcToolbox\Toolboxes\Data Management Tools.tbx\CalculateField" Date="20150324" Time="065230">CalculateField grid2km2_1 cuadrado "[OID_] +4" VB #</Process><Process ToolSource="c:\program files (x86)\arcgis\desktop10.2\ArcToolbox\Toolboxes\Data Management Tools.tbx\CalculateField" Date="20150324" Time="065508">CalculateField grid2km2_1 cuadrado "[OID_] +5" VB #</Process><Process ToolSource="c:\program files (x86)\arcgis\desktop10.2\ArcToolbox\Toolboxes\Data Management Tools.tbx\CalculateField" Date="20150324" Time="072705">CalculateField grid2km2_1 cuadrado [OID_]+6 VB #</Process><Process ToolSource="c:\program files (x86)\arcgis\desktop10.2\ArcToolbox\Toolboxes\Data Management Tools.tbx\CalculateField" Date="20150324" Time="073053">CalculateField grid2km2_1 cuadrado [OID_]*0 VB #</Process><Process ToolSource="c:\program files (x86)\arcgis\desktop10.2\ArcToolbox\Toolboxes\Data Management Tools.tbx\CalculateField" Date="20150324" Time="073408">CalculateField grid2km2_1 cuadrado [OID_]+1 VB #</Process><Process ToolSource="c:\program files (x86)\arcgis\desktop10.2\ArcToolbox\Toolboxes\Data Management Tools.tbx\CalculateField" Date="20151116" Time="065829">CalculateField grid2km_8_1salida OID_ [FID]+1 VB #</Process></lineage><itemProps><itemLocation><linkage Sync="TRUE">file://\\WINDOWS-VHFTFCK\D$\PROJECTS\Gran Sabana\Metodologia\grids\grid2km_8_1salidaCopy2</linkage><protocol Sync="TRUE">Local Area Network</protocol></itemLocation></itemProps><copyHistory><copy source="D:\PROJECTS\Gran Sabana\Metodologia\grids\grid2km_8_1salidaCopy" dest="\\WINDOWS-VHFTFCK\D$\PROJECTS\Gran Sabana\Metodologia\grids\grid2km_8_1salidaCopy2" date="20200608" time="11504600"></copy></copyHistory></DataProperties><ArcGISstyle>XTools Pro Metadata</ArcGISstyle></Esri></metadata>
